Item,Serving Size,Total Fat,Carbohydrates,Protein,Sugar,Fiber,Sodium,Cholesterol,Calories,Saturated Fat,Trans Fat
Avocado Bacon Burger,334g,52g,51g,37g,7g,4g,1600mg,90mg,820,15g,1g
Avocado Bacon Burger Whatameal,1368g,73g,216g,42g,119g,8g,1910mg,90mg,1650,18g,1g
Avocado Bacon Burger Whatameal with Lower Calorie Sides,1339g,52g,62g,37g,12g,5g,1630mg,90mg,860,15g,1g
Bacon & Cheese Whataburger,354g,37g,62g,39g,12g,4g,1910mg,80mg,750,13g,1g
Bacon & Cheese Whataburger Whatameal,1389g,58g,226g,44g,124g,8g,2210mg,80mg,1580,16g,1g
Bacon & Cheese Whataburger Whatameal with Lower Calorie Sides,1314g,37g,70g,39g,15g,4g,1940mg,85mg,780,13g,1g
Double Meat Whataburger,400g,44g,62g,47g,12g,4g,1470mg,90mg,830,14g,2g
Double Meat Whataburger Jr.,208g,20g,37g,23g,6g,2g,870mg,40mg,420,6g,1g
Double Meat Whataburger Jr. Whatameal,853g,35g,141g,26g,76g,5g,1070mg,45mg,960,8g,1g
Double Meat Whataburger Jr. Whatameal with Lower Calorie Sides,851g,20g,46g,23g,11g,3g,890mg,45mg,460,6g,1g
Double Meat Whataburger Jr. with Cheese,221g,24g,37g,26g,6g,2g,1090mg,50mg,470,9g,1g
Double Meat Whataburger Whatameal,1435g,65g,226g,52g,124g,8g,1780mg,90mg,1660,17g,2g
Double Meat Whataburger Whatameal with Lower Calorie Sides,1405g,44g,72g,47g,17g,5g,1500mg,90mg,870,14g,2g
Jalapeno & Cheese Whataburger,352g,32g,63g,34g,12g,4g,1800mg,65mg,680,12g,1g
Jalapeno & Cheese Whataburger Whatameal,1387g,53g,227g,39g,124g,8g,2100mg,65mg,1510,14g,1g
Jalapeno & Cheese Whataburger Whatameal with Lower Calorie Sides,1357g,32g,73g,34g,17g,5g,1830mg,65mg,720,12g,1g
Sweet & Spicy Bacon Burger,392g,62g,69g,60g,18g,3g,2310mg,140mg,1080,23g,2g
Sweet & Spicy Bacon Burger Jr.,209g,33g,42g,32g,11g,1g,1350mg,80mg,600,13g,1g
Sweet & Spicy Bacon Burger Jr. Whatameal,861g,47g,146g,35g,81g,4g,1550mg,80mg,1140,15g,1g
Sweet & Spicy Bacon Burger Jr. Whatameal with Lower Calorie Sides,859g,33g,51g,32g,16g,3g,1370mg,80mg,640,13g,1g
Sweet & Spicy Bacon Burger Whatameal,1427g,83g,233g,65g,130g,7g,2620mg,140mg,1910,25g,2g
Sweet & Spicy Bacon Burger Whatameal with Lower Calorie Sides,1397g,62g,79g,60g,23g,4g,2340mg,140mg,1120,23g,2g
Triple Meat Whataburger,484g,63g,62g,65g,12g,4g,1720mg,130mg,1080,21g,3g
Triple Meat Whataburger Whatameal,1519g,84g,226g,70g,124g,8g,2020mg,135mg,1900,23g,3g
Triple Meat Whataburger Whatameal with Lower Calorie Sides,1489g,63g,72g,65g,17g,5g,1750mg,135mg,1120,21g,3g
Whataburger,316g,25g,62g,29g,12g,4g,1220mg,45mg,590,8g,1g
Whataburger Jr.,168g,11g,37g,14g,6g,2g,750mg,20mg,310,4g,0g
Whataburger Jr. Whatameal,820g,26g,142g,18g,77g,5g,950mg,20mg,850,5g,0g
Whataburger Jr. Whatameal with Lower Calorie Sides,1173g,11g,47g,15g,11g,3g,780mg,25mg,350,4g,0g
Whataburger Jr. with Bacon & Cheese,190g,18g,37g,21g,6g,2g,1140mg,40mg,400,7g,0g
Whataburger Whatameal,1351g,46g,226g,34g,124g,8g,1530mg,45mg,1420,10g,1g
Whataburger Whatameal with Lower Calorie Sides,1321g,25g,72g,29g,17g,5g,1260mg,45mg,630,8g,1g
Chicken Fajita Taco,201g,11g,31g,29g,1g,3g,1200mg,80mg,340,4g,0g
Chicken Fajita Taco Whatameal,1236g,32g,195g,34g,114g,7g,1510mg,80mg,1170,6g,0g
Chicken Fajita Taco Whatameal with Lower Calorie Sides,1207g,11g,41g,29g,6g,4g,1230mg,80mg,380,4g,0g
Grilled Chicken Melt,223g,11g,39g,33g,6g,3g,1330mg,95mg,390,4g,0g
Grilled Chicken Melt Whatameal,1258g,32g,203g,38g,119g,7g,1640mg,95mg,1220,6g,0g
Grilled Chicken Melt Whatameal with Lower Calorie Sides,1228g,11g,49g,33g,11g,4g,1360mg,95mg,430,4g,0g
Grilled Chicken Sandwich,242g,13g,45g,32g,8g,5g,950mg,85mg,430,3g,0g
Grilled Chicken Sandwich Whatameal,1276g,34g,210g,37g,120g,9g,1250mg,90mg,1260,5g,0g
Grilled Chicken Sandwich Whatameal with Lower Calorie Sides,1247g,13g,56g,32g,13g,6g,980mg,90mg,470,3g,0g
"Whatachick'n Bites, 4 Piece",181g,15g,24g,20g,1g,1g,930mg,50mg,320,4g,0g
"Whatachick'n Bites, 6 Piece",229g,22g,33g,30g,2g,2g,1190mg,75mg,450,4g,0g
"Whatachick'n Bites, 6 Piece Whatameal",1304g,45g,218g,38g,116g,6g,1710mg,75mg,1390,7g,0g
"Whatachick'n Bites, 6 Piece Whatameal with Lower Calorie Sides",1275g,23g,64g,33g,9g,3g,1440mg,75mg,600,5g,0g
"Whatachick'n Bites, 9 Piece",301g,31g,45g,45g,2g,3g,1580mg,110mg,640,5g,0g
"Whatachick'n Bites, 9 Piece Whatameal",1376g,54g,230g,53g,116g,8g,2100mg,115mg,1580,8g,0g
"Whatachick'n Bites, 9 Piece Whatameal with Lower Calorie Sides",1347g,33g,76g,48g,9g,4g,1830mg,115mg,790,6g,0g
Whatachick'n Sandwich,242g,20g,55g,33g,9g,4g,760mg,80mg,530,9g,0g
Whatachick'n Sandwich Whatameal,1276g,41g,219g,38g,121g,8g,1070mg,80mg,1360,11g,0g
Whatachick'n Sandwich Whatameal with Lower Calorie Sides,1247g,20g,66g,33g,14g,5g,790mg,80mg,570,9g,0g
"Whatachick'n Strips, 2 Piece",183g,20g,31g,17g,1g,1g,1050mg,45mg,370,4g,0g
"Whatachick'n Strips, 3 Piece",232g,28g,42g,26g,2g,2g,1370mg,65mg,530,5g,0g
"Whatachick'n Strips, 3 Piece Whatameal",1307g,51g,227g,33g,116g,6g,1890mg,70mg,1470,7g,0g
"Whatachick'n Strips, 3 Piece Whatameal with Lower Calorie Sides",1277g,30g,74g,29g,9g,3g,1620mg,70mg,680,5g,0g
Chop House Cheddar Burger,373g,69g,61g,60g,12g,3g,1660mg,150mg,1110,26g,2g
Chop House Cheddar Burger Jr.,192g,36g,37g,32g,7g,1g,1030mg,80mg,600,13g,1g
Chop House Cheddar Burger Jr. Whatameal,1227g,58g,201g,36g,119g,6g,1330mg,80mg,1430,15g,1g
Chop House Cheddar Burger Jr. Whatameal with Lower Calorie Sides,1197g,36g,47g,32g,12g,3g,1060mg,80mg,640,13g,1g
Chop House Cheddar Burger Whatameal,1407g,91g,225g,65g,124g,7g,1970mg,150mg,1940,28g,2g
Chop House Cheddar Burger Whatameal with Lower Calorie Sides,1378g,69g,71g,61g,17g,4g,1690mg,155mg,1150,26g,2g
Green Chile Double,379g,57g,61g,54g,12g,3g,1950mg,125mg,980,21g,2g
Green Chile Double Jr.,201g,30g,37g,28g,7g,1g,1310mg,65mg,540,12g,1g
Green Chile Double Jr. Whatameal,1236g,51g,201g,33g,119g,6g,1610mg,70mg,1370,14g,1g
Green Chile Double Jr. Whatameal with Lower Calorie Sides,1355g,57g,69g,54g,15g,4g,1790mg,125mg,1010,21g,2g
Green Chile Double Whatameal,1414g,78g,225g,59g,124g,7g,2250mg,125mg,1810,24g,2g
Green Chile Double Whatameal with Lower Calorie Sides,1384g,57g,72g,55g,17g,4g,1980mg,125mg,1020,21g,2g
Honey BBQ Chicken Strip Sandwich,301g,39g,90g,38g,17g,2g,2420mg,95mg,870,9g,0g
Honey BBQ Chicken Strip Sandwich Jr.,197g,24g,65g,25g,13g,2g,1530mg,60mg,580,5g,0g
Honey BBQ Chicken Strip Sandwich Jr. Whatameal,1232g,45g,229g,30g,125g,7g,1840mg,60mg,1410,8g,0g
Honey BBQ Chicken Strip Sandwich Jr. Whatameal with Lower Calorie Sides,847g,24g,74g,26g,17g,4g,1550mg,60mg,610,5g,0g
Honey BBQ Chicken Strip Sandwich Whatameal,1336g,60g,254g,43g,129g,7g,2730mg,100mg,1700,12g,0g
Honey BBQ Chicken Strip Sandwich Whatameal with Lower Calorie Sides,1306g,39g,100g,38g,21g,4g,2450mg,100mg,910,9g,0g
Monterey Melt,399g,68g,62g,54g,12g,4g,2180mg,130mg,1090,23g,2g
Monterey Melt Jr.,214g,37g,37g,28g,7g,2g,1390mg,75mg,600,13g,1g
Monterey Melt Jr. Whatameal,1249g,59g,201g,33g,119g,6g,1690mg,75mg,1430,16g,1g
Monterey Melt Jr. Whatameal with Lower Calorie Sides,1220g,37g,47g,29g,11g,3g,1420mg,75mg,640,13g,1g
Monterey Melt Whatameal,1434g,90g,226g,59g,124g,8g,2480mg,130mg,1920,26g,2g
Monterey Melt Whatameal with Lower Calorie Sides,1404g,68g,72g,55g,17g,5g,2210mg,135mg,1130,23g,2g
Whataburger Patty Melt,331g,61g,45g,49g,6g,1g,1760mg,125mg,940,21g,2g
"Whataburger Patty Melt, Single",228g,37g,45g,28g,6g,1g,1200mg,65mg,640,11g,1g
"Whataburger Patty Melt, Single Whatameal",1262g,58g,209g,33g,118g,5g,1510mg,70mg,1470,14g,1g
"Whataburger Patty Melt, Single Whatameal with Lower Calorie Sides",1233g,37g,56g,28g,11g,2g,1230mg,70mg,680,11g,1g
Whataburger Patty Melt Whatameal,1366g,82g,209g,54g,118g,5g,2070mg,125mg,1770,23g,2g
Whataburger Patty Melt Whatameal with Lower Calorie Sides,1336g,61g,56g,49g,11g,2g,1790mg,130mg,980,21g,2g
Whatacatch Sandwich,193g,23g,58g,19g,6g,1g,970mg,50mg,510,4g,0g
Biscuit,85g,16g,32g,5g,2g,1g,600mg,0mg,290,8g,0g
Biscuit and Gravy,255g,29g,46g,7g,4g,1g,1530mg,15mg,470,13g,0g
Biscuit and Gravy Whatameal,788g,40g,67g,10g,4g,3g,2030mg,15mg,670,15g,0g
Biscuit and Jelly,99g,16g,41g,5g,9g,1g,600mg,0mg,330,8g,0g
Biscuit Sandwich with Bacon,164g,29g,32g,18g,2g,1g,1170mg,230mg,470,14g,0g
Biscuit Sandwich with Bacon Whatameal,697g,40g,53g,20g,2g,3g,1670mg,230mg,660,15g,0g
Biscuit Sandwich with Sausage,211g,45g,32g,25g,2g,1g,1360mg,250mg,630,20g,0g
Biscuit Sandwich with Sausage Whatameal,745g,56g,53g,28g,2g,3g,1860mg,250mg,830,21g,0g
Biscuit with Bacon,94g,19g,32g,8g,2g,1g,770mg,10mg,340,9g,0g
Biscuit with Sausage,142g,35g,32g,16g,2g,1g,960mg,30mg,500,15g,0g
Breakfast on a Bun with Bacon,139g,15g,34g,18g,5g,1g,910mg,230mg,350,6g,0g
Breakfast on a Bun with Bacon Whatameal,672g,26g,55g,21g,5g,3g,1410mg,230mg,540,7g,0g
Breakfast on a Bun with Sausage,186g,31g,34g,26g,5g,1g,1100mg,250mg,520,12g,0g
Breakfast on a Bun with Sausage Whatameal,720g,42g,55g,28g,5g,3g,1600mg,250mg,710,13g,0g
Breakfast Platter with Bacon,265g,36g,36g,28g,3g,1g,1080mg,655mg,580,15g,0g
Breakfast Platter with Bacon Whatameal,799g,47g,56g,30g,3g,3g,1590mg,655mg,770,16g,0g
Breakfast Platter with Sausage,313g,52g,36g,35g,3g,1g,1270mg,675mg,740,21g,0g
Breakfast Platter with Sausage Whatameal,846g,63g,56g,38g,3g,3g,1780mg,675mg,940,22g,0g
Cinnamon Roll,142g,10g,79g,8g,35g,3g,450mg,30mg,430,4g,0g
Egg and Cheese Biscuit,154g,26g,32g,14g,2g,1g,1000mg,220mg,420,13g,0g
Egg Sandwich,129g,12g,34g,15g,5g,1g,740mg,220mg,310,5g,0g
Hash Brown Sticks,60g,11g,21g,2g,0g,2g,500mg,0mg,190,2g,0g
Hash Brown Sticks (2),30g,5g,10g,1g,0g,1g,250mg,0mg,90,1g,0g
Hash Brown Sticks (4),60g,11g,21g,2g,0g,2g,500mg,0mg,190,2g,0g
Honey Butter Chicken Biscuit,155g,33g,51g,13g,9g,2g,990mg,30mg,560,11g,0g
Honey Butter Chicken Biscuit Whatameal,688g,45g,71g,16g,9g,3g,1490mg,30mg,750,12g,0g
Jalapeno Cheddar Biscuit,85g,20g,31g,8g,0g,2g,700mg,10mg,330,12g,0g
Jalapeno Cheddar Biscuit and Gravy,255g,32g,45g,11g,2g,2g,1630mg,25mg,520,17g,0g
Jalapeno Cheddar Biscuit and Gravy Whatameal,789g,43g,66g,13g,2g,4g,2140mg,25mg,710,18g,0g
Jalapeno Cheddar Biscuit Sandwich,155g,29g,31g,18g,0g,2g,1100mg,230mg,470,16g,0g
Jalapeno Cheddar Biscuit Sandwich Whatameal,688g,40g,52g,20g,0g,4g,1600mg,230mg,660,18g,0g
Jalapeno Cheddar Biscuit Sandwich with Bacon,164g,33g,31g,22g,0g,2g,1170mg,240mg,510,18g,0g
Jalapeno Cheddar Biscuit Sandwich with Bacon Whatameal,698g,44g,52g,24g,0g,4g,1770mg,240mg,700,19g,0g
Jalapeno Cheddar Biscuit Sandwich with Sausage,212g,48g,31g,29g,0g,2g,1460mg,260mg,680,23g,0g
Jalapeno Cheddar Biscuit Sandwich with Sausage Whatameal,745g,59g,52g,31g,0g,4g,1970mg,260mg,870,25g,0g
Jalapeno Cheddar Biscuit with Bacon,95g,23g,31g,12g,0g,2g,870mg,20mg,380,13g,0g
Jalapeno Cheddar Biscuit with Sausage,142g,39g,31g,19g,0g,2g,1070mg,40mg,540,19g,0g
Pancake Platter with Bacon,273g,20g,108g,13g,36g,3g,1520mg,15mg,670,6g,0g
Pancake Platter with Bacon Whatameal,807g,31g,129g,15g,36g,5g,2030mg,15mg,870,8g,0g
Pancake Platter with Sausage,321g,36g,108g,20g,36g,3g,1720mg,30mg,840,12g,0g
Pancake Platter with Sausage Whatameal,854g,47g,129g,22g,36g,5g,2220mg,30mg,1030,14g,0g
Pancakes,264g,17g,108g,9g,36g,3g,1350mg,0mg,630,5g,0g
"Taquito, No Cheese",143g,16g,28g,14g,1g,1g,630mg,325mg,310,5g,0g
"Taquito with Bacon, Egg & Cheese",165g,22g,28g,20g,1g,1g,1020mg,345mg,400,9g,0g
"Taquito with Bacon, Egg & Cheese Whatameal",699g,34g,49g,22g,1g,3g,1620mg,345mg,590,10g,0g
"Taquito with Bacon, No Cheese",152g,19g,28g,18g,1g,1g,800mg,335mg,350,6g,0g
Taquito with Cheese,156g,19g,28g,16g,1g,1g,1000mg,335mg,350,8g,0g
Taquito with Cheese Whatameal,689g,30g,49g,19g,1g,3g,1500mg,335mg,540,9g,0g
"Taquito with Potato, Egg & Cheese",186g,25g,38g,17g,1g,2g,1240mg,335mg,440,9g,0g
"Taquito with Potato, Egg & Cheese Whatameal",721g,37g,59g,19g,1g,4g,1750mg,335mg,650,10g,0g
"Taquito with Potato, No Cheese",173g,21g,38g,15g,1g,2g,880mg,325mg,400,6g,0g
"Taquito with Sausage, Egg & Cheese",177g,26g,28g,19g,1g,1g,1050mg,345mg,430,10g,0g
"Taquito with Sausage, Egg & Cheese Whatameal",711g,37g,49g,21g,1g,3g,1650mg,345mg,620,12g,0g
"Taquito with Sausage, No Cheese",165g,23g,28g,16g,1g,1g,840mg,335mg,380,8g,0g
Grilled Cheese Kid's Meal,704g,42g,153g,19g,71g,3g,1510mg,40mg,1070,12g,0g
Grilled Cheese Kid's Meal with Lower Calorie Sides,459g,31g,82g,24g,32g,1g,1440mg,55mg,730,11g,0g
Justaburger Kid's Meal,681g,26g,145g,17g,72g,4g,950mg,20mg,860,5g,0g
Justaburger Kid's Meal with Lower Calorie Sides,435g,14g,75g,22g,33g,3g,890mg,35mg,520,5g,0g
Kids Grilled Cheese,140g,28g,42g,16g,4g,0g,1300mg,40mg,510,10g,0g
Kids Justaburger,117g,11g,35g,14g,5g,1g,750mg,20mg,300,3g,0g
Whatachick'n Bites 4 Piece Kid's Meal,745g,30g,135g,23g,69g,4g,1130mg,50mg,880,5g,0g
Whatachick'n Bites 4 Piece Kid's Meal with Lower Calorie Sides,500g,18g,65g,28g,29g,3g,1070mg,65mg,540,5g,0g
Whatachick'n Strips 2 Piece Kid's Meal,747g,34g,142g,20g,69g,4g,1250mg,45mg,940,5g,0g
Whatachick'n Strips 2 Piece Kid's Meal with Lower Calorie Sides,501g,22g,71g,25g,29g,3g,1190mg,55mg,590,5g,0g
Apple & Cranberry Grilled Chicken Salad,342g,12g,38g,33g,24g,12g,780mg,110mg,380,7g,0g
Apple & Cranberry Salad,227g,10g,36g,9g,24g,10g,230mg,35mg,250,6g,0g
Apple & Cranberry Whatachick'n Salad,342g,20g,47g,34g,24g,10g,710mg,105mg,500,13g,0g
Apple Slices,85g,10g,12g,1g,8g,1g,220mg,15mg,140,2g,0g
"French Fries, Large",170g,28g,70g,7g,1g,6g,350mg,0mg,560,4g,0g
"French Fries, Medium",128g,21g,52g,5g,1g,4g,260mg,0mg,420,3g,0g
"French Fries, Small",85g,14g,35g,3g,0g,3g,170mg,0mg,280,2g,0g
"Fry Salt, Large",1g,0g,0g,0g,0g,0g,350mg,0mg,0,0g,0g
"Fry Salt, Medium",1g,0g,0g,0g,0g,0g,260mg,0mg,0,0g,0g
"Fry Salt, Small",N/A,0g,0g,0g,0g,0g,180mg,0mg,0,0g,0g
Garden Salad,224g,9g,9g,9g,3g,9g,250mg,30mg,160,6g,0g
Garden Salad with Grilled Chicken,339g,12g,12g,33g,3g,10g,810mg,110mg,290,7g,0g
Garden Salad with Whatachick'n,339g,20g,21g,34g,3g,9g,730mg,105mg,400,13g,0g
Large French Fry,170g,28g,70g,7g,1g,6g,350mg,0mg,560,4g,0g
Large Onion Rings,182g,33g,65g,9g,4g,8g,860mg,0mg,600,5g,0g
Medium French Fry,128g,21g,52g,5g,1g,4g,260mg,0mg,420,3g,0g
Medium Onion Rings,121g,22g,43g,6g,3g,5g,570mg,0mg,400,3g,0g
"Onion Rings, Large",136g,25g,49g,7g,3g,6g,650mg,0mg,450,4g,0g
"Onion Rings, Medium",91g,17g,32g,4g,2g,4g,430mg,0mg,300,3g,0g
Small French Fry,85g,14g,35g,3g,0g,3g,170mg,0mg,280,2g,0g
Chocolate Chunk Cookie,51g,11g,31g,2g,18g,1g,180mg,15mg,230,6g,0g
Fruit Chews,26g,0g,20g,0g,11g,0g,10mg,0mg,80,0g,0g
Hot Apple Pie,86g,14g,34g,3g,7g,2g,260mg,0mg,270,5g,0g
Hot Lemon Pie,91g,16g,41g,4g,12g,3g,230mg,0mg,320,5g,0g
Sugar Cookie,51g,10g,33g,3g,17g,1g,200mg,15mg,230,5g,0g
Barq's Root Beer,907g,0g,125g,0g,125g,0g,130mg,0mg,460,0g,0g
"Barq's Root Beer, Kids",454g,0g,62g,0g,62g,0g,65mg,0mg,230,0g,0g
"Barq's Root Beer, Large",1247g,0g,172g,0g,172g,0g,180mg,0mg,630,0g,0g
"Barq's Root Beer, Medium",907g,0g,125g,0g,125g,0g,130mg,0mg,460,0g,0g
"Barq's Root Beer, Small",567g,0g,78g,0g,78g,0g,80mg,0mg,290,0g,0g
Caffeine-Free Diet Coke,907g,0g,1g,0g,0g,0g,70mg,0mg,0,0g,0g
"Caffeine-Free Diet Coke, Kids",336g,0g,0g,0g,0g,0g,25mg,0mg,0,0g,0g
"Caffeine-Free Diet Coke, Large",906g,0g,1g,0g,0g,0g,70mg,0mg,0,0g,0g
"Caffeine-Free Diet Coke, Medium",667g,0g,1g,0g,0g,0g,55mg,0mg,0,0g,0g
"Caffeine-Free Diet Coke, Small",447g,0g,0g,0g,0g,0g,35mg,0mg,0,0g,0g
Cherry Coke,907g,0g,116g,0g,116g,0g,50mg,0mg,430,0g,0g
"Cherry Coke, Kids",336g,0g,43g,0g,43g,0g,20mg,0mg,160,0g,0g
"Cherry Coke, Large",906g,0g,116g,0g,116g,0g,50mg,0mg,430,0g,0g
"Cherry Coke, Medium",907g,0g,116g,0g,116g,0g,50mg,0mg,430,0g,0g
"Cherry Coke, Small",447g,0g,57g,0g,57g,0g,25mg,0mg,210,0g,0g
"Chocolate Malt, 16 oz",343g,9g,84g,8g,82g,1g,390mg,35mg,450,5g,0g
"Chocolate Malt, 20 oz",429g,11g,109g,10g,106g,2g,490mg,45mg,570,7g,0g
"Chocolate Malt, 32 oz",686g,18g,168g,15g,164g,2g,790mg,70mg,900,11g,0g
Chocolate Milk Low Fat 1%,236g,3g,27g,8g,25g,0g,220mg,10mg,160,2g,0g
"Chocolate Shake, 16 oz",343g,9g,79g,8g,77g,1g,400mg,40mg,430,6g,0g
"Chocolate Shake, 20 oz",429g,12g,101g,10g,99g,2g,500mg,45mg,550,7g,0g
"Chocolate Shake, 32 oz",686g,19g,158g,16g,154g,2g,800mg,75mg,860,11g,0g
Coca-Cola Classic,907g,0g,112g,0g,112g,0g,45mg,0mg,410,0g,0g
"Coca-Cola Classic, Kids",454g,0g,56g,0g,56g,0g,25mg,0mg,210,0g,0g
"Coca-Cola Classic, Large",906g,0g,112g,0g,112g,0g,45mg,0mg,410,0g,0g
"Coca-Cola Classic, Medium",907g,0g,112g,0g,112g,0g,45mg,0mg,410,0g,0g
"Coca-Cola Classic, Small",567g,0g,70g,0g,70g,0g,30mg,0mg,260,0g,0g
"Coffee, Large",592g,0g,0g,1g,0g,0g,15mg,0mg,5,0g,0g
"Coffee, Medium",474g,0g,0g,1g,0g,0g,10mg,0mg,0,0g,0g
"Coffee Decaf, Large",592g,1g,2g,1g,1g,0g,15mg,0mg,0,0g,0g
"Coffee Decaf, Medium",474g,0g,2g,0g,0g,0g,10mg,0mg,0,0g,0g
"Coffee Decaf, Small",355g,0g,1g,0g,0g,0g,10mg,0mg,0,0g,0g
"Colombian Coffee, Large",592g,0g,0g,1g,0g,0g,15mg,0mg,5,0g,0g
"Colombian Coffee, Medium",474g,0g,0g,1g,0g,0g,10mg,0mg,0,0g,0g
"Colombian Coffee, Small",355g,0g,0g,0g,0g,0g,10mg,0mg,0,0g,0g
"Decaf Colombian Coffee, Large",592g,1g,2g,1g,1g,0g,15mg,0mg,0,0g,0g
"Decaf Colombian Coffee, Medium",474g,0g,2g,0g,0g,0g,10mg,0mg,0,0g,0g
"Decaf Colombian Coffee, Small",355g,0g,1g,0g,0g,0g,10mg,0mg,0,0g,0g
Diet Coke,907g,0g,1g,0g,0g,0g,70mg,0mg,0,0g,0g
"Diet Coke, Kids",336g,0g,0g,0g,0g,0g,25mg,0mg,0,0g,0g
"Diet Coke, Large",905g,0g,1g,0g,0g,0g,70mg,0mg,0,0g,0g
"Diet Coke, Medium",907g,0g,1g,0g,0g,0g,70mg,0mg,0,0g,0g
"Diet Coke, Small",447g,0g,0g,0g,0g,0g,35mg,0mg,0,0g,0g
Diet Dr Pepper,907g,0g,1g,0g,0g,0g,110mg,0mg,0,0g,0g
"Diet Dr Pepper, Kids",336g,0g,0g,0g,0g,0g,40mg,0mg,0,0g,0g
"Diet Dr Pepper, Large",905g,0g,1g,0g,0g,0g,110mg,0mg,0,0g,0g
"Diet Dr Pepper, Medium",907g,0g,1g,0g,0g,0g,110mg,0mg,0,0g,0g
"Diet Dr Pepper, Small",447g,0g,0g,0g,0g,0g,55mg,0mg,0,0g,0g
Dr Pepper,907g,0g,104g,0g,102g,0g,40mg,0mg,380,0g,0g
"Dr Pepper, Kids",336g,0g,38g,0g,38g,0g,15mg,0mg,140,0g,0g
"Dr Pepper, Large",906g,0g,104g,0g,102g,0g,40mg,0mg,380,0g,0g
"Dr Pepper, Medium",907g,0g,104g,0g,102g,0g,40mg,0mg,380,0g,0g
"Dr Pepper, Small",447g,0g,51g,0g,50g,0g,20mg,0mg,190,0g,0g
Fanta Orange,907g,0g,119g,0g,117g,0g,55mg,0mg,440,0g,0g
"Fanta Orange, Large",906g,0g,119g,0g,117g,0g,55mg,0mg,440,0g,0g
"Fanta Orange, Medium",907g,0g,119g,0g,117g,0g,55mg,0mg,440,0g,0g
"Fanta Orange, Small",447g,0g,59g,0g,58g,0g,25mg,0mg,220,0g,0g
Fanta Orange Kids,336g,0g,44g,0g,43g,0g,20mg,0mg,160,0g,0g
Fanta Strawberry,907g,0g,115g,0g,115g,0g,45mg,0mg,430,0g,0g
"Fanta Strawberry, Medium",907g,0g,115g,0g,115g,0g,45mg,0mg,430,0g,0g
"Fanta Strawberry, Small",447g,0g,57g,0g,57g,0g,25mg,0mg,210,0g,0g
Fanta Strawberry Kids,336g,0g,43g,0g,43g,0g,20mg,0mg,160,0g,0g
"Low Fat Chocolate, Milk",236g,3g,27g,8g,25g,0g,220mg,10mg,160,2g,0g
Low Fat Milk,236g,3g,13g,8g,12g,0g,130mg,10mg,110,2g,0g
Minute Maid Light Lemonade,907g,0g,5g,0g,0g,0g,55mg,0mg,20,0g,0g
"Minute Maid Light Lemonade, Kids",336g,0g,2g,0g,0g,0g,20mg,0mg,10,0g,0g
"Minute Maid Light Lemonade, Large",906g,0g,5g,0g,0g,0g,55mg,0mg,20,0g,0g
"Minute Maid Light Lemonade, Medium",907g,0g,5g,0g,0g,0g,55mg,0mg,20,0g,0g
"Minute Maid Light Lemonade, Small",447g,0g,3g,0g,0g,0g,25mg,0mg,10,0g,0g
Powerade Fruit Punch,907g,0g,65g,0g,61g,0g,260mg,0mg,240,0g,0g
"Powerade Fruit Punch, Kids",336g,0g,24g,0g,23g,0g,95mg,0mg,90,0g,0g
"Powerade Fruit Punch, Medium",907g,0g,65g,0g,61g,0g,260mg,0mg,240,0g,0g
"Powerade Fruit Punch, Small",447g,0g,32g,0g,30g,0g,130mg,0mg,120,0g,0g
"Salted Caramel Shake, 16 oz",343g,9g,77g,7g,74g,0g,720mg,40mg,430,5g,0g
"Salted Caramel Shake, 20 oz",429g,11g,99g,9g,95g,0g,990mg,45mg,540,7g,0g
"Salted Caramel Shake, 32 oz",686g,18g,154g,15g,149g,0g,1450mg,75mg,850,11g,0g
Simply Orange Juice,340g,0g,37g,2g,33g,0g,0mg,0mg,160,0g,0g
Sprite,907g,0g,108g,0g,108g,0g,120mg,0mg,400,0g,0g
"Sprite, Kids",336g,0g,40g,0g,40g,0g,45mg,0mg,150,0g,0g
"Sprite, Large",28g,0g,3g,0g,3g,0g,0mg,0mg,15,0g,0g
"Sprite, Medium",907g,0g,108g,0g,108g,0g,120mg,0mg,400,0g,0g
"Sprite, Small",447g,0g,53g,0g,53g,0g,60mg,0mg,200,0g,0g
"Strawberry Shake, 16 oz",343g,9g,79g,7g,79g,0g,380mg,40mg,430,5g,0g
"Strawberry Shake, 20 oz",429g,11g,102g,9g,102g,0g,470mg,45mg,550,7g,0g
"Strawberry Shake, 32 oz",686g,18g,158g,15g,158g,0g,760mg,75mg,870,11g,0g
"Tea, Large",948g,0g,3g,0g,0g,0g,30mg,0mg,10,0g,0g
"Tea, Medium",948g,0g,3g,0g,0g,0g,30mg,0mg,10,0g,0g
"Tea, Small",593g,0g,2g,0g,0g,0g,20mg,0mg,5,0g,0g
"Tea, Sweet, Kid's",474g,0g,40g,0g,39g,0g,15mg,0mg,160,0g,0g
"Tea, Sweet, Large",1128g,0g,117g,0g,114g,0g,35mg,0mg,450,0g,0g
"Tea, Sweet, Medium",899g,0g,84g,0g,82g,0g,25mg,0mg,330,0g,0g
"Tea, Sweet, Small",604g,0g,52g,0g,50g,0g,20mg,0mg,200,0g,0g
"Tea, Unsweetened, Kid's",435g,0g,1g,0g,0g,0g,15mg,0mg,0,0g,0g
"Tea, Unsweetened, Large",1014g,0g,3g,0g,0g,0g,30mg,0mg,10,0g,0g
"Tea, Unsweetened, Medium",817g,0g,2g,0g,0g,0g,25mg,0mg,10,0g,0g
"Tea, Unsweetened, Small",554g,0g,2g,0g,0g,0g,20mg,0mg,5,0g,0g
Tea Kids,351g,0g,1g,0g,0g,0g,10mg,0mg,0,0g,0g
"Vanilla Shake, 16 oz",343g,10g,68g,8g,68g,0g,400mg,40mg,400,6g,0g
"Vanilla Shake, 20 oz",429g,12g,85g,10g,85g,0g,500mg,50mg,500,7g,0g
"Vanilla Shake, 32 oz",686g,20g,136g,16g,136g,0g,800mg,80mg,800,12g,0g
Cream Gravy,85g,3g,8g,0g,1g,0g,410mg,0mg,60,2g,0g
Creamy Pepper Dipping Sauce,57g,24g,4g,1g,3g,0g,550mg,20mg,240,4g,0g
Fat Free Ranch Dressing,56g,0g,12g,0g,5g,1g,750mg,0mg,50,0g,0g
Honey BBQ Dipping Sauce,57g,0g,22g,0g,19g,0g,650mg,0mg,90,0g,0g
Honey Mustard Dressing,28g,8g,7g,0g,6g,0g,150mg,10mg,100,2g,0g
Low Fat Herb Vinaigrette Dressing,56g,1g,7g,0g,6g,0g,460mg,0mg,35,0g,0g
Low Fat Honey Pepper Vinaigrette,56g,4g,15g,0g,14g,0g,460mg,0mg,90,1g,0g
Thousand Island Dressing,56g,25g,8g,1g,7g,0g,540mg,25mg,260,4g,0g
"Bacon, 2 Slices",10g,4g,0g,4g,0g,0g,170mg,10mg,45,1g,0g
"Bacon, 3 Slices",14g,5g,0g,6g,0g,0g,250mg,15mg,70,2g,0g
Bun Oil For Green Chiles,3g,3g,0g,0g,0g,0g,0mg,0mg,30,0g,0g
Bun Oil For Grilled Onions,3g,3g,0g,0g,0g,0g,0mg,0mg,30,0g,0g
Bun Oil For Large Bun,6g,6g,0g,0g,0g,0g,0mg,0mg,50,1g,0g
Bun Oil For Small Bun,3g,3g,0g,0g,0g,0g,0mg,0mg,30,0g,0g
Bun Oil For Texas Toast,6g,6g,0g,0g,0g,0g,0mg,0mg,50,1g,0g
Bun Oil For Texas Toast (2 Slices),12g,12g,0g,0g,0g,0g,0mg,0mg,110,2g,0g
Butter & Garlic Croutons Package,14g,3g,9g,1g,1g,0g,130mg,0mg,60,0g,0g
Creamy Pepper Sauce,28g,12g,2g,1g,1g,0g,270mg,10mg,120,2g,0g
Diced Onions,21g,0g,2g,0g,1g,0g,0mg,0mg,10,0g,0g
Diced Onions Jr,7g,0g,1g,0g,0g,0g,0mg,0mg,0,0g,0g
Easy Diced Onions,11g,0g,1g,0g,0g,0g,0mg,0mg,0,0g,0g
Easy Fancy Ketchup,7g,0g,2g,0g,1g,0g,85mg,0mg,10,0g,0g
Easy Fancy Ketchup Jr,4g,0g,1g,0g,1g,0g,45mg,0mg,0,0g,0g
Easy Mayonnaise,7g,3g,1g,0g,1g,0g,55mg,5mg,30,0g,0g
Easy Mayonnaise Jr,4g,2g,1g,0g,0g,0g,30mg,0mg,15,0g,0g
Easy Mustard,7g,0g,0g,0g,0g,0g,110mg,0mg,10,0g,0g
Easy Mustard Jr,4g,0g,0g,0g,0g,0g,55mg,0mg,0,0g,0g
Easy Pickles,7g,0g,0g,0g,0g,0g,115mg,0mg,0,0g,0g
Easy Pickles Jr,7g,0g,0g,0g,0g,0g,115mg,0mg,0,0g,0g
Easy Tomato,30g,0g,1g,0g,1g,0g,0mg,0mg,5,0g,0g
Easy Tomato Jr,30g,0g,1g,0g,1g,0g,0mg,0mg,5,0g,0g
Extra Diced Onions,32g,0g,3g,0g,1g,1g,0mg,0mg,15,0g,0g
Extra Diced Onions Jr,11g,0g,1g,0g,0g,0g,0mg,0mg,0,0g,0g
Extra Fancy Ketchup,21g,0g,6g,0g,4g,0g,250mg,0mg,25,0g,0g
Extra Fancy Ketchup Jr,21g,0g,6g,0g,4g,0g,250mg,0mg,25,0g,0g
Extra Iceberg Lettuce,43g,0g,1g,0g,1g,0g,0mg,0mg,5,0g,0g
Extra Iceberg Lettuce Jr,21g,0g,1g,0g,0g,0g,0mg,0mg,0,0g,0g
Extra Large American Cheese Slice,48g,14g,0g,10g,0g,0g,860mg,40mg,180,8g,0g
Extra Mayonnaise,21g,8g,3g,0g,2g,0g,160mg,10mg,80,2g,0g
Extra Mayonnaise Jr,11g,4g,2g,0g,1g,0g,80mg,5mg,40,1g,0g
Extra Mustard,21g,2g,1g,1g,0g,1g,330mg,0mg,25,0g,0g
Extra Mustard Jr,11g,1g,1g,1g,0g,0g,170mg,0mg,10,0g,0g
Extra Pickles,21g,0g,1g,0g,0g,0g,340mg,0mg,0,0g,0g
Extra Pickles Jr,17g,0g,1g,0g,0g,0g,290mg,0mg,0,0g,0g
Extra Small American Cheese Slice,25g,7g,0g,5g,0g,0g,440mg,20mg,90,5g,0g
Extra Tomato,60g,0g,2g,1g,2g,1g,0mg,0mg,15,0g,0g
Extra Tomato Jr,45g,0g,2g,0g,1g,1g,0mg,0mg,10,0g,0g
Fancy Ketchup,14g,0g,4g,0g,3g,0g,170mg,0mg,20,0g,0g
Fancy Ketchup Jr,7g,0g,2g,0g,1g,0g,85mg,0mg,10,0g,0g
Grape Jelly,14g,0g,9g,0g,7g,0g,0mg,0mg,35,0g,0g
Grilled Diced Onions,24g,3g,2g,0g,1g,0g,0mg,0mg,35,0g,0g
Grilled Diced Onions Jr,10g,3g,1g,0g,0g,0g,0mg,0mg,30,0g,0g
Grilled Sliced Jalapenos,15g,3g,1g,0g,0g,0g,140mg,0mg,30,0g,0g
Honey,28g,0g,23g,0g,22g,0g,0mg,0mg,90,0g,0g
Honey BBQ Sauce,28g,0g,11g,0g,9g,0g,320mg,0mg,45,0g,0g
Honey Butter Sauce,28g,12g,10g,0g,9g,0g,90mg,10mg,150,2g,0g
Honey Mustard Sauce,28g,11g,8g,1g,7g,0g,135mg,10mg,130,2g,0g
Iceberg Lettuce,28g,0g,1g,0g,1g,0g,0mg,0mg,0,0g,0g
Jalapeno Ranch,28g,15g,1g,0g,1g,0g,290mg,10mg,140,3g,0g
Jalapeno Slices,12g,0g,1g,0g,0g,0g,140mg,0mg,0,0g,0g
Large American Cheese Slice,24g,7g,0g,5g,0g,0g,430mg,20mg,90,4g,0g
Large White Bun,108g,5g,56g,9g,9g,2g,520mg,0mg,300,1g,0g
Lemon Juice Package,4g,0g,1g,0g,0g,0g,0mg,0mg,0,0g,0g
Margarine Spread Package,5g,3g,0g,0g,0g,0g,40mg,0mg,25,0g,0g
Mayonnaise,14g,5g,2g,0g,2g,0g,110mg,5mg,50,1g,0g
Mayonnaise Jr,7g,3g,1g,0g,1g,0g,55mg,5mg,30,0g,0g
Monterey Jack Cheese,19g,5g,0g,3g,0g,0g,310mg,15mg,60,3g,0g
Mustard,14g,1g,1g,1g,0g,0g,220mg,0mg,15,0g,0g
Mustard Jr,7g,0g,0g,0g,0g,0g,110mg,0mg,10,0g,0g
Pancake Syrup,57g,0g,39g,0g,21g,0g,0mg,0mg,160,0g,0g
Picante Sauce,17g,0g,1g,0g,1g,0g,150mg,0mg,5,0g,0g
Pickles,14g,0g,0g,0g,0g,0g,230mg,0mg,0,0g,0g
Pickles Jr,10g,0g,0g,0g,0g,0g,170mg,0mg,0,0g,0g
Pink Sugar Substitute Package,1g,0g,1g,0g,1g,0g,0mg,0mg,0,0g,0g
Pork Sausage Crumbles,21g,7g,0g,2g,0g,0g,210mg,15mg,80,3g,0g
Pork Sausage Patty,57g,19g,0g,11g,0g,0g,360mg,30mg,210,7g,0g
Shredded Cheddar Cheese,43g,14g,0g,11g,0g,0g,270mg,45mg,170,9g,0g
Shredded Cheddar Cheese Jr,21g,7g,0g,5g,0g,0g,140mg,25mg,80,5g,0g
Shredded Cheddar Cheese Salad,28g,9g,0g,7g,0g,0g,180mg,30mg,110,6g,0g
Small American Cheese Slice,13g,4g,0g,3g,0g,0g,220mg,10mg,45,3g,0g
Small White Bun,59g,2g,34g,5g,5g,1g,340mg,0mg,170,0g,0g
Special Seasoning (1 Large Patty),1g,0g,0g,0g,0g,0g,190mg,0mg,0,0g,0g
Special Seasoning (1 Small Patty),N/A,0g,0g,0g,0g,0g,95mg,0mg,0,0g,0g
Special Seasoning (2 Large Patties),1g,0g,0g,0g,0g,0g,380mg,0mg,0,0g,0g
Special Seasoning (2 Small Patties),1g,0g,0g,0g,0g,0g,190mg,0mg,0,0g,0g
Special Seasoning (3 Large Patties),2g,0g,0g,0g,0g,0g,580mg,0mg,0,0g,0g
Special Seasoning (Eggs),N/A,0g,0g,0g,0g,0g,95mg,0mg,0,0g,0g
Special Seasoning (Green Chiles),1g,0g,0g,0g,0g,0g,190mg,0mg,0,0g,0g
Special Seasoning (Grilled Vegetable Blend),N/A,0g,0g,0g,0g,0g,55mg,0mg,0,0g,0g
Special Seasoning (Jr Green Chiles),1g,0g,0g,0g,0g,0g,190mg,0mg,0,0g,0g
Special Seasoning (Jr Grilled Vegetable Blend),1g,0g,0g,0g,0g,0g,190mg,0mg,0,0g,0g
"Strawberry, 16 oz",343g,9g,85g,7g,84g,0g,380mg,35mg,450,5g,0g
Strawberry Jam,14g,0g,9g,0g,7g,0g,0mg,0mg,35,0g,0g
Sugar Package,3g,0g,3g,0g,3g,0g,0mg,0mg,10,0g,0g
Texas Toast (1 Slice),40g,1g,21g,3g,2g,0g,220mg,0mg,110,0g,0g
Texas Toast (2 Slices),80g,2g,42g,6g,4g,0g,440mg,0mg,220,0g,0g
Tomato,45g,0g,2g,0g,1g,1g,0mg,0mg,10,0g,0g
Tomato Jr,30g,0g,1g,0g,1g,0g,0mg,0mg,5,0g,0g
Tortilla,57g,7g,26g,4g,0g,1g,520mg,0mg,180,3g,0g
Whole Grain Bun,91g,4g,44g,10g,10g,7g,290mg,0mg,220,1g,0g
